City_ID,City,Lat,Lng,Max Temp,Humidity,Cloudiness,Wind Speed,Country,Date
0,jamestown,42.097,-79.2353,33.03,100,100,9.22,US,1704672767
1,kruisfontein,-34.0033,24.7314,63.88,87,100,6.71,ZA,1704672813
2,ponta do sol,32.6667,-17.1,70.0,84,100,5.55,PT,1704672813
3,puerto ayora,-0.7393,-90.3518,78.55,93,100,5.01,EC,1704672813
4,saint-philippe,-21.3585,55.7679,78.39,83,51,7.52,RE,1704672813
5,hilo,19.7297,-155.09,78.53,85,40,13.8,US,1704672814
6,butaritari,3.0707,172.7902,83.3,79,97,14.58,KI,1704672814
7,raiganj,25.6167,88.1167,58.78,89,0,6.44,IN,1704672814
8,katsuura,35.1333,140.3,43.0,51,5,12.84,JP,1704672562
9,kaitangata,-46.2817,169.8464,63.46,60,94,6.44,NZ,1704672815
10,bichena,10.45,38.2,55.38,54,49,3.31,ET,1704672815
11,bull savanna,17.8868,-77.5902,75.15,82,4,8.55,JM,1704672815
12,mar del plata,-38.0023,-57.5575,69.1,79,75,9.22,AR,1704672796
13,jiangyou,31.7667,104.7167,48.04,88,73,0.87,CN,1704672816
14,mukhen,48.1,136.1,-8.97,89,51,8.52,RU,1704672816
15,new norfolk,-42.7826,147.0587,60.3,93,100,4.21,AU,1704672817
16,nanortalik,60.1432,-45.2371,30.79,83,76,8.46,GL,1704672817
17,busselton,-33.65,115.3333,75.6,50,53,7.54,AU,1704672817
18,souillac,-20.5167,57.5167,77.38,88,40,0.0,MU,1704672817
19,homer,59.6425,-151.5483,37.27,93,20,5.01,US,1704672818
20,kapaa,22.0752,-159.319,82.38,73,75,17.27,US,1704672818
21,andijon,40.7821,72.3442,43.88,63,98,4.12,UZ,1704672819
22,hermanus,-34.4187,19.2345,61.05,77,48,6.82,ZA,1704672819
23,paamiut,61.994,-49.6678,29.01,96,100,9.19,GL,1704672820
24,tasiilaq,65.6145,-37.6368,33.96,97,100,15.14,GL,1704672820
25,provideniya,64.3833,-173.3,25.03,94,99,18.28,RU,1704672820
26,frutal,-20.0247,-48.9406,78.62,63,45,2.82,BR,1704672821
27,palmer,42.1584,-72.3287,27.43,81,100,5.68,US,1704672821
28,kostino,58.9097,53.2691,-7.56,97,100,7.63,RU,1704672821
29,isangel,-19.55,169.2667,80.71,94,100,0.0,VU,1704672822
30,sabang,5.8933,95.3214,80.08,85,98,20.49,ID,1704672822
31,punta arenas,-53.15,-70.9167,48.31,61,100,19.57,CL,1704672822
32,henties bay,-22.116,14.2845,64.04,87,2,7.23,NA,1704672822
33,klaksvik,62.2266,-6.589,41.92,75,27,11.32,FO,1704672823
34,hasaki,35.7333,140.8333,39.6,47,1,15.32,JP,1704672823
35,ushuaia,-54.8,-68.3,47.86,53,0,16.11,AR,1704672823
36,kahului,20.8947,-156.47,84.22,61,20,14.97,US,1704672823
37,yulara,-25.2406,130.9889,82.99,38,0,14.23,AU,1704672824
38,flinders,-34.5833,150.8552,71.26,89,94,5.46,AU,1704672824
39,arraial do cabo,-22.9661,-42.0278,76.24,86,6,12.53,BR,1704672824
40,bethel,41.3712,-73.414,33.89,75,100,3.44,US,1704672824
41,cabo san lucas,22.8909,-109.9124,75.61,48,0,13.8,MX,1704672629
42,vostok,46.4856,135.8833,-13.67,97,81,4.9,RU,1704672825
43,mataura,-46.1927,168.8643,67.48,39,100,2.53,NZ,1704672825
44,kenai,60.5544,-151.2583,33.15,99,100,0.0,US,1704672825
45,el estor,15.5333,-89.35,76.51,83,61,2.66,GT,1704672825
46,kavaratti,10.5669,72.642,82.51,73,98,7.99,IN,1704672825
47,atuona,-9.8,-139.0333,81.05,72,18,12.82,PF,1704672826
48,albany,42.6001,-73.9662,30.63,89,99,2.93,US,1704672826
49,upernavik,72.7868,-56.1549,-3.15,98,89,3.87,GL,1704672689
50,rikitea,-23.1203,-134.9692,75.2,89,100,11.81,PF,1704672826
51,cape town,-33.9258,18.4232,63.88,73,20,13.8,ZA,1704672826
52,bonito,-21.1211,-56.4819,83.34,57,38,3.42,BR,1704672826
53,dikson,73.5069,80.5464,-1.28,95,99,13.0,RU,1704672827
54,lompoc,34.6391,-120.4579,57.94,51,0,18.41,US,1704672827
55,brandon,27.9378,-82.2859,59.59,75,0,4.61,US,1704672827
56,avarua,-21.2078,-159.775,84.25,79,75,17.27,CK,1704672827
57,thompson,55.7435,-97.8558,-18.24,83,20,2.3,CA,1704672827
58,barrow,71.2906,-156.7887,6.82,78,100,42.57,US,1704672828
59,torbay,47.6666,-52.7314,24.28,78,20,23.02,CA,1704672828
60,mount gambier,-37.8333,140.7667,62.67,86,100,12.19,AU,1704672828
61,urucara,-2.5364,-57.76,75.94,86,56,1.48,BR,1704672828
62,georgetown,5.4112,100.3354,76.95,90,20,2.3,MY,1704672828
63,genhe,50.7833,121.5167,-28.95,100,27,0.96,CN,1704672829
64,vaini,-21.2,-175.2,79.95,82,79,9.33,TO,1704672829
65,marathon,44.9,-89.7668,31.24,83,100,8.05,US,1704672829
66,saint-leu,-21.15,55.2833,77.86,80,71,8.28,RE,1704672829
67,viedma,-40.8135,-62.9967,72.72,59,46,13.8,AR,1704672829
68,saskylakh,71.9167,114.0833,-24.34,99,98,6.98,RU,1704672745
69,road town,18.4167,-64.6167,77.09,68,40,14.12,VG,1704672830
70,iqaluit,63.7506,-68.5145,-9.67,77,75,2.3,CA,1704672830
71,lodja,-3.4833,23.4333,69.42,96,99,1.74,CD,1704672830
72,victoria,22.2855,114.1577,66.25,76,95,11.99,HK,1704672609
73,bergen,60.392,5.328,27.88,43,75,0.0,NO,1704672831
74,hithadhoo,-0.6,73.0833,82.6,76,99,11.14,MV,1704672831
75,bubaque,11.2833,-15.8333,79.79,66,7,10.74,GW,1704672831
76,saint george,37.1041,-113.5841,39.79,35,100,14.0,US,1704672577
77,asha,54.9973,57.2722,-6.83,99,100,5.01,RU,1704672831
78,haines junction,60.7522,-137.5108,-7.65,77,100,0.0,CA,1704672831
79,slave lake,55.2834,-114.769,-0.42,71,100,0.0,CA,1704672832
80,grindavik,63.8424,-22.4338,46.87,100,100,26.46,IS,1704672832
81,progreso,21.2833,-89.6667,77.11,89,87,18.45,MX,1704672832
82,ndele,8.4109,20.6473,68.85,19,18,5.03,CF,1704672832
83,baixa grande,-11.9597,-40.1681,75.9,81,100,10.47,BR,1704672832
84,pitimbu,-7.4706,-34.8086,79.39,76,2,7.74,BR,1704672833
85,kargat,55.1956,80.2811,24.67,87,100,19.17,RU,1704672833
86,berlevag,70.8578,29.0864,28.35,64,100,18.41,NO,1704672833
87,cayenne,4.9333,-52.3333,80.64,74,0,5.75,GF,1704672793
88,vao,-22.6667,167.4833,77.36,82,94,15.3,NC,1704672833
89,novyy urengoy,66.0833,76.6333,-6.03,96,100,7.58,RU,1704672833
90,ibra,22.6906,58.5334,64.11,70,15,4.47,OM,1704672834
91,pemangkat,1.1667,108.9667,76.55,89,100,5.91,ID,1704672834
92,ravar,31.2656,56.8055,41.52,40,0,5.12,IR,1704672834
93,shingu,33.7333,135.9833,40.6,53,6,4.99,JP,1704672559
94,turukhansk,65.8167,87.9833,-11.09,94,100,10.02,RU,1704672834
95,svetlyy,54.675,20.1347,10.36,86,77,12.1,RU,1704672835
96,gazanjyk,39.2446,55.5154,47.32,40,6,5.5,TM,1704672835
97,kuli,42.0185,47.2434,34.83,46,100,12.12,RU,1704672835
98,cherskiy,68.75,161.3,-39.75,100,56,5.06,RU,1704672835
99,eureka,40.8021,-124.1637,48.92,79,89,5.01,US,1704672835
100,bambous virieux,-20.3428,57.7575,77.25,88,40,0.0,MU,1704672836
101,sattahip,12.6664,100.9007,79.99,94,6,4.61,TH,1704672836
102,kathmandu,27.7167,85.3167,43.02,87,20,3.44,NP,1704672667
103,mahebourg,-20.4081,57.7,77.29,88,40,0.0,MU,1704672836
104,airai,-8.9266,125.4092,69.98,73,83,0.83,TL,1704672836
105,liverpool,53.4106,-2.9779,38.64,93,75,5.01,GB,1704672836
106,susanville,40.4163,-120.653,33.91,58,100,6.91,US,1704672837
107,bluff,-46.6,168.3333,67.8,66,100,3.33,NZ,1704672837
108,sao filipe,14.8961,-24.4956,75.96,72,1,4.23,CV,1704672837
109,atar,20.5169,-13.0499,67.68,17,0,7.09,MR,1704672837
110,salalah,17.0151,54.0924,71.69,33,0,20.71,OM,1704672837
111,ust-tsilma,65.441,52.1498,-4.4,100,91,4.0,RU,1704672838
112,vardo,70.3705,31.1107,24.78,93,100,28.77,NO,1704672838
113,patabog,13.4531,122.4561,78.67,85,92,10.22,PH,1704672838
114,east london,-33.0153,27.9116,67.46,89,90,3.87,ZA,1704672838
115,vestmannaeyjar,63.4427,-20.2734,46.45,94,100,26.8,IS,1704672838
116,kununurra,-15.7667,128.7333,80.58,83,100,8.05,AU,1704672840
117,ninghai,29.2892,121.4247,41.83,67,100,2.21,CN,1704672840
118,kodiak,57.79,-152.4072,36.91,70,0,3.44,US,1704672840
119,qaanaaq,77.484,-69.3632,-9.2,77,96,7.56,GL,1704672840
120,tutayev,57.8853,39.5406,-9.06,99,80,6.29,RU,1704672841
121,te anau,-45.4167,167.7167,71.1,37,100,4.92,NZ,1704672841
122,tiksi,71.6872,128.8694,-28.75,96,47,7.0,RU,1704672841
123,bredasdorp,-34.5322,20.0403,60.57,78,72,3.44,ZA,1704672841
124,nome,64.5011,-165.4064,25.16,80,75,31.07,US,1704672842
125,ahipara,-35.1667,173.1667,72.82,58,22,6.42,NZ,1704672842
126,pangnirtung,66.1451,-65.7125,-19.26,89,64,5.55,CA,1704672843
127,mackay,-21.15,149.2,84.69,75,100,8.95,AU,1704672843
128,suluq,31.6682,20.2521,57.31,51,24,8.95,LY,1704672843
129,hobart,-42.8794,147.3294,60.66,95,75,14.97,AU,1704672714
130,buta,2.7858,24.73,67.08,46,19,0.45,CD,1704672844
131,laguna,38.421,-121.4238,54.3,51,0,13.8,US,1704672844
132,hue,16.4667,107.6,69.91,94,75,1.14,VN,1704672845
133,stony plain,53.5334,-114.0021,4.51,81,100,2.3,CA,1704672845
134,constitucion,-35.3333,-72.4167,60.66,76,1,16.4,CL,1704672845
135,lebu,-37.6167,-73.65,59.68,81,0,8.1,CL,1704672846
136,bengkulu,-3.8004,102.2655,76.93,85,99,2.86,ID,1704672846
137,karratha,-20.7377,116.8463,93.18,24,4,16.17,AU,1704672846
138,quatre cocos,-20.2078,57.7625,77.11,77,21,7.2,MU,1704672846
139,mecca,21.4267,39.8261,74.16,62,0,0.74,SA,1704672847
140,fort nelson,58.8053,-122.7002,-5.06,82,75,0.0,CA,1704672847
141,fairbanks,64.8378,-147.7164,17.1,78,40,0.0,US,1704672726
142,lagoa,39.05,-27.9833,60.01,68,46,23.31,PT,1704672847
143,geraldton,-28.7667,114.6,81.01,65,2,11.5,AU,1704672848
144,whitehorse,60.7161,-135.0538,0.01,81,75,18.41,CA,1704672848
145,hay river,60.8156,-115.7999,-20.22,76,40,3.44,CA,1704672848
146,sabha,27.0377,14.4283,52.65,24,1,4.88,LY,1704672848
147,cockburn town,21.4612,-71.1419,78.42,77,5,12.35,TC,1704672724
148,luderitz,-26.6481,15.1594,64.38,76,52,26.78,NA,1704672849
149,komsomolskiy,40.4272,71.7189,38.12,87,92,4.61,UZ,1704672849
150,yellowknife,62.456,-114.3525,-28.71,79,75,3.44,CA,1704672850
151,beeville,28.4008,-97.7483,65.62,68,100,13.8,US,1704672850
152,hervey bay,-25.2986,152.8535,84.02,81,73,11.01,AU,1704672850
153,pochutla,15.7432,-96.4661,77.56,69,50,4.81,MX,1704672850
154,keffi,8.8486,7.8736,77.34,17,0,3.74,NG,1704672851
155,danshui,22.7984,114.4672,58.46,79,46,7.29,CN,1704672851
156,evensk,61.95,159.2333,-18.92,78,99,1.48,RU,1704672851
157,tual,-5.6667,132.75,83.86,76,81,11.07,ID,1704672851
158,khorixas,-20.3667,14.9667,75.67,34,65,4.97,NA,1704672851
159,alepe,5.5004,-3.6631,78.67,92,29,2.93,CI,1704672852
160,berlin,52.5244,13.4105,22.15,70,20,11.99,DE,1704672844
161,agadez,19.75,10.25,61.3,21,24,1.12,NE,1704672852
162,elizabeth city,36.2946,-76.2511,51.82,66,100,12.66,US,1704672852
163,araouane,18.9048,-3.5265,70.09,14,100,9.1,ML,1704672853
164,alice springs,-23.7,133.8833,83.75,70,1,10.04,AU,1704672853
165,rawson,-43.3002,-65.1023,76.64,29,87,6.64,AR,1704672853
166,sao jose da coroa grande,-8.8978,-35.1478,78.62,80,0,7.65,BR,1704672853
167,broome,42.2506,-75.833,30.7,93,100,8.05,US,1704672853
168,touros,-5.1989,-35.4608,80.83,75,65,8.5,BR,1704672853
169,srednekolymsk,67.45,153.6833,-24.66,99,96,8.28,RU,1704672854
170,salvador,13.8333,-88.9167,73.8,53,7,1.61,SV,1704672854
171,port alfred,-33.5906,26.891,65.17,95,100,1.99,ZA,1704672812
172,port elizabeth,-33.918,25.5701,66.09,94,75,13.8,ZA,1704672854
173,poso,-1.3959,120.7524,82.92,71,90,1.88,ID,1704672854
174,kaltasy,55.9693,54.8032,-12.95,97,52,10.58,RU,1704672855
175,abu dhabi,24.4667,54.3667,69.94,67,0,2.3,AE,1704672724
176,nagar,27.4333,77.1,44.49,58,0,2.64,IN,1704672855
177,nikolskoye,59.7035,30.7861,8.02,94,15,5.14,RU,1704672855
178,mayo,38.8876,-76.5119,45.99,63,40,11.5,US,1704672856
179,pacific grove,36.6177,-121.9166,56.43,63,0,13.0,US,1704672660
180,pevek,69.7008,170.3133,-19.55,96,100,16.26,RU,1704672751
181,shimanovsk,52.0,127.7,-12.86,94,100,4.32,RU,1704672857
182,liwale,-9.7667,37.9333,67.69,98,92,2.95,TZ,1704672857
183,tuktoyaktuk,69.4541,-133.0374,-20.2,76,100,12.66,CA,1704672857
184,bani,18.2833,-70.3333,75.69,80,10,6.71,DO,1704672857
185,waipawa,-41.4122,175.5153,73.63,43,35,5.32,NZ,1704672858
186,cidreira,-30.1811,-50.2056,74.71,90,96,9.35,BR,1704672858
187,lorengau,-2.0226,147.2712,83.68,77,90,4.59,PG,1704672858
188,manokwari,-0.8667,134.0833,81.75,71,99,0.29,ID,1704672858
189,cartagena,10.3997,-75.5144,82.02,78,0,9.22,CO,1704672813
190,ende,-8.8432,121.6623,84.07,77,62,1.86,ID,1704672859
191,kungsbacka,57.4872,12.0761,16.2,82,7,8.01,SE,1704672859
192,codrington,-38.2667,141.9667,61.86,92,100,16.44,AU,1704672859
193,poum,-20.2333,164.0167,80.6,74,94,7.49,NC,1704672860
194,pombas,17.1503,-25.0201,69.58,71,5,7.78,CV,1704672860
195,port moresby,-9.4431,147.1797,89.02,62,20,5.75,PG,1704672861
196,hofn,64.2539,-15.2082,42.64,92,100,6.15,IS,1704672861
197,oranjemund,-28.55,16.4333,62.42,80,18,20.96,NA,1704672861
198,saint-gabriel,46.3001,-73.3824,17.28,93,100,5.53,CA,1704672861
199,barra do corda,-5.5,-45.25,74.86,97,100,5.91,BR,1704672861
200,angoche,-16.2325,39.9086,77.86,91,97,3.87,MZ,1704672862
201,buala,-8.145,159.5921,84.94,73,69,6.17,SB,1704672862
202,mehamn,71.0357,27.8492,28.31,63,75,20.71,NO,1704672862
203,san patricio,28.017,-97.5169,67.84,67,96,16.13,US,1704672862
204,nenjiang,49.1833,125.2167,-16.4,99,53,4.79,CN,1704672862
205,port macquarie,-31.4333,152.9167,86.9,59,85,14.94,AU,1704672690
206,betioky,-23.7167,44.3833,74.05,89,20,1.32,MG,1704672863
207,kralendijk,12.15,-68.2667,80.58,78,20,14.97,BQ,1704672863
208,karonga,-9.9333,33.9333,74.28,85,100,3.78,MW,1704672863
209,raudeberg,61.9875,5.1352,33.96,65,36,12.55,NO,1704672864
210,carnarvon,-24.8667,113.6333,75.49,77,0,14.0,AU,1704672864
211,preobrazheniye,42.9019,133.9064,7.97,60,2,7.16,RU,1704672746
212,balykshi,47.0667,51.8667,21.2,86,75,15.66,KZ,1704672864
213,havelock,34.8791,-76.9013,51.98,72,0,9.22,US,1704672865
214,sangar,63.9242,127.4739,-45.63,97,50,5.01,RU,1704672865
215,capitao poco,-1.7464,-47.0594,73.8,97,100,3.78,BR,1704672865
216,nitra,48.3076,18.0845,31.64,62,100,11.54,SK,1704672865
217,saint-francois,46.4154,3.9054,35.67,93,100,9.22,FR,1704672866
218,nola,40.922,14.5329,50.92,92,100,1.81,IT,1704672866
219,khatanga,71.9667,102.5,-15.18,98,100,5.99,RU,1704672866
220,haverfordwest,51.8017,-4.9691,35.06,79,10,10.09,GB,1704672637
221,esperance,-33.8667,121.9,67.77,68,13,10.94,AU,1704672866
222,wichian buri,15.6578,101.106,71.2,63,17,2.86,TH,1704672866
223,college,64.8569,-147.8028,13.95,79,100,0.0,US,1704672867
224,faanui,-16.4833,-151.75,81.52,76,46,9.1,PF,1704672867
225,urbino,43.7298,12.6356,47.23,91,100,10.69,IT,1704672867
226,umm kaddadah,13.6017,26.6876,62.44,33,4,11.92,SD,1704672868
227,tucuma,-0.1833,-50.05,76.6,93,100,5.41,BR,1704672868
228,kapiri mposhi,-13.9652,28.6809,63.82,90,90,4.25,ZM,1704672868
229,ngunguru,-35.6167,174.5,68.07,72,1,10.29,NZ,1704672868
230,rio gallegos,-51.6226,-69.2181,55.45,30,20,25.32,AR,1704672868
231,caucasia,7.9865,-75.1935,81.64,74,97,3.47,CO,1704672869
232,gat,31.61,34.7642,62.4,51,89,4.45,IL,1704672869
233,sal rei,16.1833,-22.9167,74.01,76,2,9.8,CV,1704672869
234,finnsnes,69.2296,17.9811,32.61,85,100,17.25,NO,1704672875
235,tsuruga,35.6455,136.0558,31.64,75,99,15.35,JP,1704672875
236,chapais,49.7834,-74.8492,8.38,95,100,5.23,CA,1704672875
237,sao joao da barra,-21.6403,-41.0511,77.09,86,11,7.18,BR,1704672876
238,peterhead,57.5058,-1.7981,29.44,73,26,2.71,GB,1704672876
239,molchanovo,57.5817,83.7692,-7.35,100,100,6.85,RU,1704672876
240,novo cruzeiro,-17.4681,-41.8753,68.5,99,100,2.68,BR,1704672876
241,sao felix do xingu,-6.6447,-51.995,74.71,93,92,0.27,BR,1704672876
242,port blair,11.6667,92.75,78.51,79,4,11.1,IN,1704672877
243,fukue,32.6881,128.8419,41.36,60,75,2.3,JP,1704672877
244,lianyuan,27.6883,111.6642,46.94,85,98,1.86,CN,1704672877
245,vila franca do campo,37.7167,-25.4333,63.01,79,66,10.83,PT,1704672877
246,bouca,6.5105,18.2733,70.11,21,84,2.06,CF,1704672877
247,kostomuksha,64.571,30.5767,18.03,92,100,15.01,RU,1704672877
248,winsford,53.1833,-2.5167,39.18,93,37,2.24,GB,1704672878
249,malakal,9.5334,31.6605,73.8,25,1,5.35,SS,1704672878
250,broken hill,-31.95,141.4333,74.25,58,0,13.67,AU,1704672599
251,anloga,5.7947,0.8973,82.35,82,4,8.39,GH,1704672878
252,marks,51.7111,46.7486,0.12,92,18,4.47,RU,1704672878
253,chuy,-33.6971,-53.4616,68.74,97,100,9.35,UY,1704672734
254,comodoro rivadavia,-45.8667,-67.5,71.46,20,0,21.85,AR,1704672879
255,guerrero negro,27.9769,-114.0611,60.82,70,17,24.11,MX,1704672879
256,qax,41.4225,46.9242,38.39,42,74,5.64,AZ,1704672879
257,shikarpur,27.9571,68.6379,42.69,31,3,5.86,PK,1704672879
258,kangaatsiaq,68.3065,-53.4641,16.0,70,100,19.89,GL,1704672880
259,saldanha,-33.0117,17.9442,60.85,76,0,23.22,ZA,1704672880
260,kaz,52.9113,87.3105,13.91,98,78,4.63,RU,1704672880
261,tura,25.5198,90.2201,55.53,68,0,2.44,IN,1704672881
262,melbu,68.5044,14.8297,35.38,86,100,12.66,NO,1704672881
263,port hardy,50.6996,-127.4199,39.38,93,100,5.75,CA,1704672881
264,turbat,26.0023,63.044,67.37,48,27,8.41,PK,1704672881
265,olyka,50.7186,25.8125,15.17,60,100,14.58,UA,1704672881
266,hamilton,39.1834,-84.5333,37.35,79,100,13.0,US,1704672734
267,ribeira grande,38.5167,-28.7,60.78,77,63,7.0,PT,1704672882
268,kavieng,-2.5744,150.7967,85.3,69,83,4.14,PG,1704672882
269,coihaique,-45.5752,-72.0662,54.21,62,40,3.44,CL,1704672621
270,praya,14.9215,-23.5087,75.74,23,0,10.36,CV,1704672882
271,labuhan,-6.8844,112.2051,79.59,83,100,3.11,ID,1704672882
272,joshimath,30.5667,79.5667,41.09,15,0,7.58,IN,1704672882
273,mvuma,-19.2792,30.5283,65.16,79,35,4.59,ZW,1704672883
274,nouadhibou,20.931,-17.0347,67.98,60,13,10.36,MR,1704672883
275,eyl,7.9803,49.8164,72.55,69,14,16.44,SO,1704672883
276,gangapur,26.4833,76.7167,49.46,60,0,6.73,IN,1704672883
277,beidao,34.5686,105.8933,32.94,88,24,3.13,CN,1704672811
278,coquimbo,-29.9533,-71.3436,65.93,82,0,8.05,CL,1704672884
279,beringovskiy,63.05,179.3167,5.04,94,100,17.43,RU,1704672751
280,petropavlovsk-kamchatskiy,53.0452,158.6483,3.45,78,20,11.99,RU,1704672884
281,toora-khem,52.4675,96.11,-6.88,100,100,1.05,RU,1704672884
282,biak,-0.9131,122.8766,80.42,75,83,1.5,ID,1704672884
283,egelsbach,49.9711,8.6703,34.18,70,100,13.8,DE,1704672885
284,shimoda,34.6667,138.95,48.56,52,1,4.74,JP,1704672885
285,ucluelet,48.9329,-125.5528,42.1,85,94,4.12,CA,1704672885
286,tuatapere,-46.1333,167.6833,69.39,43,100,2.86,NZ,1704672885
287,iquique,-20.2208,-70.1431,68.97,81,85,4.54,CL,1704672734
288,vincennes,48.85,2.4333,34.16,75,100,16.11,FR,1704672886
289,emilio carranza,19.9711,-96.6114,70.03,92,100,4.23,MX,1704672886
290,mitsamiouli,-11.3847,43.2844,81.45,74,34,3.44,KM,1704672886
291,mlimba,-8.8,35.8167,72.82,98,98,1.19,TZ,1704672886
292,junin,-34.5838,-60.9433,74.71,68,27,5.41,AR,1704672886
293,yecla,38.6137,-1.1147,42.78,70,0,18.43,ES,1704672886
294,blythe,33.6103,-114.5964,57.65,14,0,25.32,US,1704672887
295,necochea,-38.5473,-58.7368,65.44,80,83,5.17,AR,1704672887
296,ancud,-41.8697,-73.8203,57.04,82,52,7.58,CL,1704672887
297,grand gaube,-20.0064,57.6608,77.4,87,16,4.0,MU,1704672887
298,shu,43.5983,73.7614,42.84,84,100,4.99,KZ,1704672887
299,lata,40.1629,-8.3327,38.07,79,39,3.33,PT,1704672887
300,san quintin,30.4833,-115.95,57.92,46,31,23.76,MX,1704672888
301,mantua,45.1667,10.7833,48.09,91,100,5.01,IT,1704672888
302,mount isa,-20.7333,139.5,80.37,83,100,5.75,AU,1704672888
303,durusu,41.3053,28.6767,57.38,74,57,5.01,TR,1704672889
304,ayan,56.45,138.1667,-15.2,81,32,5.08,RU,1704672889
305,acapulco,16.8634,-99.8901,82.22,74,75,3.44,MX,1704672762
306,boddam,57.4667,-1.7833,29.43,73,23,2.44,GB,1704672889
307,daman,20.4167,72.85,74.43,65,71,5.41,IN,1704672889
308,chifeng,42.2683,118.9636,9.63,77,71,5.01,CN,1704672889
309,clyde river,70.4692,-68.5914,-18.17,69,0,4.61,CA,1704672889
310,oga,46.4631,10.347,23.54,98,100,6.51,IT,1704672890
311,igunga,-4.2833,33.8833,66.27,91,96,2.82,TZ,1704672858
312,goderich,43.7501,-81.7165,34.92,93,100,4.61,CA,1704672890
313,puerto penasco,31.3167,-113.5333,58.98,21,0,14.97,MX,1704672891
314,woodward,36.4337,-99.3904,47.43,64,0,16.11,US,1704672891
315,severnyy,50.677,36.5532,2.62,77,0,15.99,RU,1704672891
316,nemuro,43.3236,145.575,31.24,70,31,17.69,JP,1704672859
317,lusambo,-4.9667,23.45,71.2,99,100,1.88,CD,1704672891
318,pringsewu,-5.3582,104.9744,75.31,93,100,1.43,ID,1704672892
319,dunedin,-45.8742,170.5036,72.07,49,96,5.53,NZ,1704672892
320,blantyre,-15.785,35.0085,66.83,96,100,4.65,MW,1704672892
321,kimbe,-5.5502,150.1429,87.84,65,73,2.48,PG,1704672892
322,westport,41.1415,-73.3579,35.58,85,100,5.75,US,1704672892
323,burns lake,54.2331,-125.7533,24.22,97,100,2.62,CA,1704672893
324,fuldabruck,51.2667,9.4833,29.37,80,75,6.91,DE,1704672893
325,saint-augustin,51.226,-58.6502,12.76,63,0,16.04,CA,1704672893
326,castro,-24.7911,-50.0119,72.43,60,56,2.51,BR,1704672893
327,moose factory,51.2585,-80.6094,10.38,85,100,4.61,CA,1704672893
328,bandarbeyla,9.4942,50.8122,74.46,66,37,17.96,SO,1704672894
329,freeport,40.6576,-73.5832,37.98,79,100,16.11,US,1704672751
330,dukat,62.55,155.55,-30.71,96,100,4.59,RU,1704672894
331,talaya,61.3833,152.75,-31.92,98,100,0.2,RU,1704672894
332,albanel,48.8832,-72.4487,14.14,92,100,4.61,CA,1704672894
333,chokurdakh,70.6333,147.9167,-18.18,98,100,9.48,RU,1704672894
334,talnakh,69.4865,88.3972,-7.8,98,100,10.4,RU,1704672895
335,rafai,4.95,23.9167,67.39,32,13,3.71,CF,1704672895
336,birobidzhan,48.8,132.95,-10.17,87,80,4.21,RU,1704672895
337,portel,-1.9356,-50.8211,75.69,94,100,4.21,BR,1704672895
338,luganville,-15.5333,167.1667,84.96,74,100,4.59,VU,1704672896
339,zhigansk,66.7697,123.3711,-42.07,97,78,7.38,RU,1704672896
340,belaya gora,68.5333,146.4167,-16.1,98,100,9.24,RU,1704672896
341,monrovia,6.3005,-10.7969,81.34,86,39,5.55,LR,1704672896
342,talcahuano,-36.7167,-73.1167,64.08,72,0,17.27,CL,1704672896
343,sijunjung,-0.6876,100.9537,73.53,98,100,0.25,ID,1704672897
344,rocha,-34.4833,-54.3333,68.56,97,100,2.84,UY,1704672806
345,vung tau,10.346,107.0843,76.55,80,69,11.77,VN,1704672897
346,okhotsk,59.3833,143.3,-27.96,82,31,9.93,RU,1704672897
347,krasnoarmeysk,51.0239,45.6969,0.19,96,96,4.72,RU,1704672897
348,sur,22.5667,59.5289,71.58,68,67,7.94,OM,1704672898
349,labrea,-7.2586,-64.7981,76.96,89,84,1.01,BR,1704672898
350,kerchevskiy,59.946,56.2884,-15.92,98,100,7.2,RU,1704672898
351,aushiger,43.3961,43.7317,37.78,56,100,2.24,RU,1704672898
352,andros town,24.7,-77.7667,73.36,86,52,16.71,BS,1704672898
353,kijang,35.2442,129.2139,24.53,28,2,3.31,KR,1704672899
354,parfino,57.9731,31.6481,-5.19,97,5,2.57,RU,1704672899
355,dalvik,65.9702,-18.5286,44.53,81,100,16.46,IS,1704672899
356,north bend,43.4065,-124.2243,47.16,76,75,19.57,US,1704672899
357,novyy nekouz,57.9029,38.07,-9.42,99,42,5.3,RU,1704672899
358,moa,20.6569,-74.9403,75.51,88,2,7.11,CU,1704672899
359,chapleau,47.8405,-83.4034,26.69,100,100,9.22,CA,1704672900
360,honningsvag,70.9821,25.9704,29.95,55,100,20.71,NO,1704672900
361,alcoy,38.7054,-0.4743,44.33,60,1,12.28,ES,1704672615
362,baykit,61.67,96.37,-26.09,100,100,3.0,RU,1704672837
363,ilulissat,69.2167,-51.1,19.42,68,100,17.27,GL,1704672900
364,cravo norte,6.3017,-70.2041,84.78,44,99,5.12,CO,1704672901
365,linjiang,41.8069,126.9078,-8.1,92,59,1.28,CN,1704672901
366,north battleford,52.7834,-108.2847,3.4,85,100,5.75,CA,1704672885
367,ratnagiri,16.9833,73.3,75.65,58,53,4.61,IN,1704672901
368,matara,5.9485,80.5353,75.02,91,92,7.36,LK,1704672901
369,lasa,46.6166,10.7002,26.6,92,100,5.86,IT,1704672902
370,port lincoln,-34.7333,135.8667,62.46,74,100,14.94,AU,1704672657
371,mandalgovi,45.7625,106.2708,5.61,73,60,9.53,MN,1704672902
372,asau,46.4333,26.4,24.28,91,100,8.12,RO,1704672903
373,husavik,66.0449,-17.3389,40.37,83,100,16.84,IS,1704672903
374,saint-joseph,-21.3667,55.6167,77.38,82,39,7.9,RE,1704672903
375,maragogi,-9.0122,-35.2225,78.15,80,0,7.45,BR,1704672904
376,phon,15.816,102.5998,67.68,78,6,5.46,TH,1704672904
377,umtata,-31.5889,28.7844,63.16,100,100,5.75,ZA,1704672904
378,furano,43.2818,142.4743,18.9,85,98,6.06,JP,1704672905
379,prince rupert,54.3161,-130.3201,38.89,80,75,18.41,CA,1704672905
380,pierre,44.3683,-100.351,19.85,89,100,15.99,US,1704672905
381,fare,-16.7,-151.0167,81.37,76,51,8.14,PF,1704672906
382,nantucket,41.2835,-70.0995,34.0,79,100,36.26,US,1704672906
383,lannion,48.75,-3.4167,44.01,74,98,12.62,FR,1704672906
384,alekseyevsk,57.8406,108.3492,-20.97,100,66,3.83,RU,1704672906
385,naze,28.3667,129.4833,56.32,66,77,9.82,JP,1704672907
386,milkovo,54.7167,158.6167,-1.08,89,88,3.58,RU,1704672907
387,ola,59.5833,151.2833,-25.24,89,19,6.89,RU,1704672907
388,morristown,36.214,-83.2949,39.9,74,100,6.91,US,1704672908
389,natal,-5.795,-35.2094,82.62,69,40,9.22,BR,1704672908
390,kismayo,-0.3582,42.5454,79.95,75,16,16.46,SO,1704672908
391,santa cruz de tenerife,28.4682,-16.2546,69.46,78,0,4.61,ES,1704672614
392,omboue,-1.5746,9.2618,78.06,86,64,6.82,GA,1704672910
393,khromtau,50.2503,58.4347,2.77,93,70,16.93,KZ,1704672910
394,ilebo,-4.3167,20.5833,70.79,96,99,0.56,CD,1704672910
395,mazamari,-11.3258,-74.5308,75.94,84,83,0.83,PE,1704672910
396,fortuna,40.5982,-124.1573,49.66,80,75,1.99,US,1704672664
397,zhob,31.3411,69.4481,41.97,57,2,0.81,PK,1704672911
398,smithers,54.7804,-127.1743,25.12,100,75,3.44,CA,1704672911
399,springfield,37.2153,-93.2982,41.54,56,0,8.05,US,1704672518
400,kendari,-3.945,122.4989,80.65,85,97,2.21,ID,1704672912
401,faya,18.3851,42.4509,53.71,60,16,5.03,SA,1704672912
402,maniitsoq,65.4167,-52.9,18.54,76,100,11.16,GL,1704672912
403,ewa beach,21.3156,-158.0072,80.55,71,40,11.99,US,1704672913
404,pingliang,35.5392,106.6861,28.26,73,0,2.98,CN,1704672913
405,sitka,57.0531,-135.33,40.89,52,100,19.57,US,1704672913
406,barranca,-10.75,-77.7667,72.84,80,91,7.54,PE,1704672913
407,ruteng,-8.6136,120.4721,71.13,75,95,0.87,ID,1704672914
408,nauta,-4.5061,-73.5757,75.83,97,82,2.77,PE,1704672914
409,narsaq,60.9167,-46.05,33.91,98,99,6.98,GL,1704672914
410,shubarkuduk,49.1447,56.4872,14.49,81,80,10.94,KZ,1704672915
411,yambio,4.5721,28.3955,68.81,31,40,2.89,SS,1704672917
412,jablah,35.3614,35.9256,55.69,76,0,4.61,SY,1704672917
413,le port,-20.9373,55.2919,78.8,82,54,5.7,RE,1704672918
414,zhigalovo,54.8097,105.1578,-11.67,100,95,2.28,RU,1704672741
415,pisco,-13.7,-76.2167,73.45,83,0,20.71,PE,1704672918
416,belyy yar,53.6039,91.3903,6.69,92,100,0.0,RU,1704672919
417,beloha,-25.1667,45.05,74.5,94,53,3.44,MG,1704672919
418,liku,-0.7275,119.8922,81.43,77,89,2.26,ID,1704672919
419,san jeronimo,-11.9472,-75.2829,56.39,75,93,4.79,PE,1704672920
420,launceston,-41.45,147.1667,64.35,94,100,23.02,AU,1704672707
421,envira,-7.3,-70.2167,80.35,75,95,1.48,BR,1704672920
422,bairnsdale,-37.8333,147.6167,73.06,92,100,3.42,AU,1704672921
423,concordia,-31.393,-58.0209,70.88,94,80,4.59,AR,1704672921
424,kula,38.5473,28.6498,47.82,76,85,11.1,TR,1704672921
425,ca mau,9.1769,105.15,76.64,78,65,7.9,VN,1704672922
426,burgeo,47.6167,-57.6152,20.1,68,11,11.72,CA,1704672922
427,barkhan,29.8977,69.5256,44.22,71,1,0.76,PK,1704672922
428,savalou,7.9281,1.9756,82.8,67,22,5.64,BJ,1704672923
429,haapsalu,58.9431,23.5414,12.02,93,66,6.91,EE,1704672923
430,presidencia roque saenz pena,-26.7852,-60.4388,93.34,30,7,6.64,AR,1704672924
431,la paz,-16.5,-68.15,55.38,54,75,8.05,BO,1704672721
432,kobryn,52.2138,24.3564,10.92,82,100,13.94,BY,1704672924
433,yamada,39.4667,141.95,33.39,41,9,12.3,JP,1704672858
434,luwuk,-0.9516,122.7875,82.89,75,85,1.32,ID,1704672925
435,licheng,23.2955,113.8284,58.93,84,12,4.36,CN,1704672925
436,kharitonovo,61.4009,47.4978,1.92,97,99,8.34,RU,1704672925
437,slupsk,54.4641,17.0287,21.45,85,18,10.29,PL,1704672926
438,los llanos de aridane,28.6585,-17.9182,62.13,91,0,6.91,ES,1704672926
439,mayumba,-3.432,10.6554,79.23,79,99,3.98,GA,1704672927
440,conceicao do araguaia,-8.2578,-49.2647,76.03,92,89,3.44,BR,1704672927
441,paranaiba,-19.6772,-51.1908,83.1,50,53,4.9,BR,1704672928
442,pavlogradka,54.2024,73.5592,26.42,94,97,15.59,RU,1704672928
443,talara,-4.5772,-81.2719,75.96,88,100,11.5,PE,1704672928
444,irbeyskoye,55.6428,95.4522,-14.03,100,100,3.44,RU,1704672929
445,noumea,-22.2763,166.4572,82.99,99,86,15.5,NC,1704672752
446,bathsheba,13.2167,-59.5167,81.21,74,40,19.57,BB,1704672929
447,auki,-8.7676,160.7034,85.28,70,92,5.93,SB,1704672930
448,san cristobal,7.7669,-72.225,73.58,71,100,1.34,VE,1704672883
449,axim,4.8699,-2.2405,80.85,86,21,7.36,GH,1704672930
450,mlyniv,50.509,25.6168,15.17,83,100,14.29,UA,1704672932
451,bandiagara,14.3501,-3.6104,78.24,13,100,8.03,ML,1704672932
452,halvad,23.0167,71.1833,63.59,51,3,9.28,IN,1704672932
453,kidal,18.4411,1.4078,73.65,13,100,6.89,ML,1704672933
454,rio grande,-32.035,-52.0986,77.11,92,100,10.36,BR,1704672933
455,pahrump,36.2083,-115.9839,45.25,27,15,21.99,US,1704672934
456,roros,62.5747,11.3842,-4.16,84,100,0.0,NO,1704672934
457,salinas,36.6777,-121.6555,56.82,61,0,10.36,US,1704672723
458,poya,-21.35,165.15,84.43,63,49,5.61,NC,1704672935
459,novoagansk,61.9449,76.6625,-1.28,97,100,11.56,RU,1704672935
460,yashkul,46.1711,45.3435,31.6,70,100,14.74,RU,1704672935
461,gambela,8.25,34.5833,78.28,40,10,3.11,ET,1704672936
462,goundam,16.4145,-3.6708,74.35,13,100,8.86,ML,1704672936
463,cap-chat,49.1001,-66.6821,10.4,85,100,4.61,CA,1704672937
464,tamasane,-22.4184,27.4013,72.79,39,2,7.36,BW,1704672937
465,severo-kurilsk,50.6789,156.125,23.25,58,78,5.46,RU,1704672937
466,falmouth,50.1544,-5.0711,34.38,80,75,8.05,GB,1704672938
467,fonte boa,-2.4959,-66.2662,80.76,75,58,1.25,BR,1704672938
468,tahta,26.7693,31.5021,60.55,41,0,1.88,EG,1704672938
469,portree,57.4129,-6.1942,34.52,92,10,3.78,GB,1704672938
470,ikalamavony,-21.15,46.5833,72.07,91,100,2.35,MG,1704672939
471,yar-sale,66.8333,70.8333,-12.3,100,60,5.75,RU,1704672939
472,tukrah,32.5341,20.5791,59.45,56,25,17.0,LY,1704672939
473,lavrentiya,65.5833,-171.0,22.44,91,100,18.12,RU,1704672751
474,nakhon phanom,17.3333,104.4167,65.88,90,59,1.81,TH,1704672940
475,longyearbyen,78.2186,15.6401,1.24,66,75,13.8,SJ,1704672940
476,buenaventura,3.8801,-77.0312,77.83,93,77,1.99,CO,1704672940
477,pangkalanbuun,-2.6833,111.6167,77.04,94,100,2.44,ID,1704672940
478,puerto escondido,15.85,-97.0667,81.43,65,75,5.75,MX,1704672885
479,buraydah,26.326,43.975,52.25,61,0,4.94,SA,1704672941
480,luanda,-8.8368,13.2343,78.8,75,40,3.44,AO,1704672941
481,banjar,-8.19,114.9675,82.2,79,99,2.35,ID,1704672943
482,ridgecrest,35.6225,-117.6709,51.66,19,0,9.22,US,1704672943
483,taoudenni,22.6783,-3.9836,70.14,25,0,5.48,ML,1704672943
484,zlobin,45.2924,14.6541,36.7,61,75,14.97,HR,1704672944
485,kedrovyy,56.1667,91.8167,-12.14,99,55,4.54,RU,1704672944
486,kamaishi,39.2667,141.8833,32.95,47,13,13.13,JP,1704672944
487,mahajanga,-15.7167,46.3167,79.2,83,100,8.01,MG,1704672944
488,whitehaven,54.549,-3.5841,37.98,84,32,6.91,GB,1704672945
489,sharjah,25.3573,55.4033,66.18,88,0,4.61,AE,1704672945
490,kakching,24.4833,93.9833,43.29,85,5,0.74,IN,1704672945
491,gizo,-8.103,156.8419,83.59,74,64,4.5,SB,1704672945
492,troitsko-pechorsk,62.7084,56.1964,-18.31,99,93,5.99,RU,1704672945
493,mazara del vallo,37.6641,12.588,53.55,59,78,29.75,IT,1704672945
494,sorland,67.667,12.6934,37.26,69,100,19.08,NO,1704672946
495,ugoofaaru,5.6667,73.0,81.3,76,58,6.78,MV,1704672946
496,moree,-29.4667,149.85,78.03,62,100,12.75,AU,1704672949
497,oranjestad,12.524,-70.027,82.35,81,20,17.27,AW,1704672949
498,chilliwack,49.1747,-121.9443,38.89,81,62,8.05,CA,1704672949
499,jinka,5.65,36.65,67.19,64,62,1.74,ET,1704672949
500,aykhal,66.0,111.5,-18.38,99,100,6.58,RU,1704672950
501,langen,49.9933,8.6728,34.12,64,100,13.8,DE,1704672950
502,khilok,51.3674,110.4676,3.09,95,93,6.53,RU,1704672950
503,mpika,-11.8343,31.4529,63.16,96,93,2.42,ZM,1704672950
504,suhbaatar,50.2314,106.2078,-6.68,100,95,2.75,MN,1704672951
505,pangai,-19.8,-174.35,80.74,81,58,8.7,TO,1704672951
506,zamora,-4.0692,-78.9567,77.11,98,100,1.03,EC,1704672951
507,yauya,-8.9833,-77.3,56.01,72,100,5.12,PE,1704672951
508,acheng,45.5454,126.977,0.34,82,87,13.31,CN,1704672952
509,nkayi,-4.1841,13.2884,73.62,95,94,1.36,CG,1704672952
510,bratsk,56.1325,101.6142,-5.31,100,68,2.3,RU,1704672741
511,kamenka,51.3223,42.7678,0.37,89,100,7.18,RU,1704672952
512,salym,60.0625,71.4789,9.48,95,100,6.17,RU,1704672952
513,namatanai,-3.6667,152.4333,86.41,66,84,1.25,PG,1704672952
514,mangrol,21.1167,70.1167,66.43,49,7,13.13,IN,1704672953
515,the valley,18.217,-63.0578,80.46,73,44,14.88,AI,1704672953
516,harindanga,22.0383,88.3214,64.08,66,26,6.64,IN,1704672953
517,vega de alatorre,20.0333,-96.6333,70.12,92,100,5.26,MX,1704672953
518,la reforma,25.0833,-108.05,67.26,60,0,8.52,MX,1704672953
519,sistranda,63.7256,8.834,35.56,89,99,23.38,NO,1704672953
520,potiskum,11.7091,11.0694,64.65,15,0,8.3,NG,1704672954
521,ippy,6.2679,21.2247,72.07,21,71,4.25,CF,1704672954
522,kapit,2.0167,112.9333,74.86,98,100,0.69,MY,1704672954
523,half moon bay,37.4636,-122.4286,55.56,59,0,16.11,US,1704672954
524,storm lake,42.6411,-95.2097,22.3,93,40,3.44,US,1704672955
525,namibe,-15.1961,12.1522,72.39,82,99,6.24,AO,1704672955
526,nhulunbuy,-12.2333,136.7667,86.61,74,40,5.75,AU,1704672955
527,korla,41.7597,86.1469,20.5,70,18,3.78,CN,1704672955
528,hobyo,5.3505,48.5268,76.21,71,26,21.05,SO,1704672955
529,kathu,7.9178,98.3332,75.02,81,96,8.88,TH,1704672956
530,vila velha,-20.3297,-40.2925,78.75,78,100,1.14,BR,1704672956
531,dauriya,49.9333,116.8667,-15.66,98,48,5.37,RU,1704672956
532,padang,-0.9492,100.3543,77.05,87,98,3.76,ID,1704672956
533,marsh harbour,26.5412,-77.0636,72.3,67,100,13.78,BS,1704672956
534,alta floresta,-9.8756,-56.0861,73.36,94,87,2.33,BR,1704672957
535,leningradskiy,69.3833,178.4167,-4.99,98,100,13.49,RU,1704672957
536,bilibino,68.0546,166.4372,-24.09,97,100,1.72,RU,1704672957
537,heilbron,-27.2812,27.9709,63.14,76,85,5.35,ZA,1704672957
538,owando,-0.4819,15.8999,73.8,82,97,2.98,CG,1704672958
539,adrar,20.5022,-10.0711,64.36,17,0,8.5,MR,1704672958
540,udachnyy,66.4167,112.4,-13.16,95,100,12.06,RU,1704672958
541,sumenep,-7.0167,113.8667,79.97,80,100,3.65,ID,1704672958
542,strezhevoy,60.7333,77.5889,-1.03,97,100,11.99,RU,1704672958
543,marzuq,14.4,46.4667,56.41,53,52,4.36,YE,1704672958
544,innisfail,-17.5333,146.0333,87.19,65,99,2.44,AU,1704672959
545,singapore,1.2897,103.8501,80.04,94,75,2.3,SG,1704672726
